{"cameraMode":{"drawMode":0,"name":"Shaded","section":"Shading Mode"},"sceneLighting":true,"audioPlay":false,"sceneViewState":{"m_AlwaysRefresh":false,"showFog":true,"showSkybox":true,"showFlares":true,"showImageEffects":true,"showParticleSystems":true,"showVisualEffectGraphs":true,"m_FxEnabled":true},"in2DMode":false,"pivot":{"x":0.5431108474731445,"y":-0.3542299270629883,"z":-0.5677118301391602},"rotation":{"x":-0.0534835048019886,"y":0.9459525942802429,"z":-0.24235720932483674,"w":-0.20875325798988343},"size":4.652958869934082,"orthographic":false}